sai@gmail.guvi,Sai Wate,sai@96
saka@gmail.guvi,saka makru,saka20
jethalal@gmail.guvi,jethalal gada,gada82
chetan14@gmail.guvi,chetan aga.chetan266
shweta#@gmail.guvi,Shweta Pati,Sweta94
sameer@gmail.guvi,sameer chaudhary,asd251
Subha@gmail.guvi,abc,xyz1
amit@gmail.guvi,abc,xyz2
jaba@gmail.guvi,abc,xyz3
samrat@gmail.guvi,abc,xy4
rosa@gmail.guvi,abc,xyz5
